Cloudiness,Country,Date,Humidity,Latitude,Longitude,Temperature,Wind Speed,city
1,US,1970-01-01 00:00:01.562349911,94,-159.32,22.08,298.15,3.1,kapaa
0,UA,1970-01-01 00:00:01.562349947,55,36.26,47.67,291.441,3.0,hulyaypole
20,AU,1970-01-01 00:00:01.562349947,100,147.33,-42.88,277.59,2.1,hobart
75,CA,1970-01-01 00:00:01.562349926,40,-91.92,50.1,296.15,5.1,sioux lookout
75,BR,1970-01-01 00:00:01.562349948,58,-60.67,2.82,304.15,2.6,boa vista
20,ZA,1970-01-01 00:00:01.562349948,84,26.89,-33.59,284.26,0.89,port alfred
100,RU,1970-01-01 00:00:01.562349948,91,-173.23,64.42,282.842,2.36,provideniya
75,NU,1970-01-01 00:00:01.562349949,78,-169.92,-19.06,296.15,4.6,alofi
100,RU,1970-01-01 00:00:01.562349949,81,44.45,44.04,294.441,4.36,kurskaya
0,SY,1970-01-01 00:00:01.562349949,43,37.18,35.3,299.441,6.9,abu samrah
43,RU,1970-01-01 00:00:01.562349950,87,60.01,54.37,285.842,3.78,uyskoye
20,BR,1970-01-01 00:00:01.562349950,66,-38.6,-3.71,303.15,7.7,vila velha
90,IN,1970-01-01 00:00:01.562349951,88,83.27,17.65,300.15,4.1,yarada
40,US,1970-01-01 00:00:01.562349932,43,-73.75,42.65,305.93,5.7,albany
75,AR,1970-01-01 00:00:01.562349951,65,-68.31,-54.81,278.15,1.5,ushuaia
10,ZA,1970-01-01 00:00:01.562349951,73,27.91,-33.02,282.742,1.53,east london
40,GR,1970-01-01 00:00:01.562349919,65,22.34,39.45,302.59,2.31,saint george
20,US,1970-01-01 00:00:01.562349952,64,-105.84,46.41,295.15,6.2,miles city
75,CA,1970-01-01 00:00:01.562349952,60,-115.79,60.82,293.15,3.6,hay river
89,PH,1970-01-01 00:00:01.562349953,96,125.45,11.75,295.342,0.68,san julian
93,AU,1970-01-01 00:00:01.562349953,89,149.07,-23.58,288.342,10.59,bluff
44,RU,1970-01-01 00:00:01.562349953,97,133.91,42.9,283.542,1.26,preobrazheniye
25,BR,1970-01-01 00:00:01.562349953,63,-45.72,-1.45,303.441,2.07,candido mendes
100,NZ,1970-01-01 00:00:01.562349954,90,167.69,-46.13,280.37,5.78,tuatapere
1,US,1970-01-01 00:00:01.562349954,70,-94.42,30.04,307.04,2.6,nome
69,PF,1970-01-01 00:00:01.562349954,71,-134.97,-23.12,293.342,12.31,rikitea
100,RU,1970-01-01 00:00:01.562349955,95,128.87,71.64,275.042,3.02,tiksi
75,BR,1970-01-01 00:00:01.562349955,44,-56.08,-9.87,308.15,2.1,alta floresta
0,BR,1970-01-01 00:00:01.562349955,59,-57.65,-19.0,292.15,5.7,corumba
32,RU,1970-01-01 00:00:01.562349956,74,119.94,54.43,283.742,1.35,tupik
59,AU,1970-01-01 00:00:01.562349956,74,115.35,-33.64,278.71,7.63,busselton
95,IN,1970-01-01 00:00:01.562349956,88,74.49,15.34,298.642,2.94,vaini
100,NZ,1970-01-01 00:00:01.562349957,90,168.86,-46.19,280.37,2.04,mataura
90,US,1970-01-01 00:00:01.562349957,64,-118.37,33.75,297.59,3.1,rancho palos verdes
0,ZA,1970-01-01 00:00:01.562349957,88,19.24,-34.42,284.82,1.79,hermanus
75,JP,1970-01-01 00:00:01.562349958,78,134.5,33.93,296.15,3.6,katsuura
8,RU,1970-01-01 00:00:01.562349958,49,166.44,68.06,290.742,3.79,bilibino
86,RU,1970-01-01 00:00:01.562349958,88,161.3,68.75,285.441,3.42,cherskiy
90,GY,1970-01-01 00:00:01.562349667,100,-58.16,6.8,298.15,3.1,georgetown
40,US,1970-01-01 00:00:01.562349959,64,-105.12,46.84,294.15,5.1,fallon
20,GL,1970-01-01 00:00:01.562349960,62,-37.64,65.61,284.15,4.1,tasiilaq
40,US,1970-01-01 00:00:01.562349960,55,-82.53,33.19,308.71,2.6,avera
20,CL,1970-01-01 00:00:01.562349960,81,-70.91,-53.16,279.15,2.1,punta arenas
40,US,1970-01-01 00:00:01.562349805,55,-94.42,35.39,304.82,4.1,fort smith
75,CA,1970-01-01 00:00:01.562349714,68,-63.6,50.23,292.15,4.1,havre-saint-pierre
90,CA,1970-01-01 00:00:01.562349961,67,-133.03,69.44,289.15,8.7,tuktoyaktuk
75,CL,1970-01-01 00:00:01.562349961,87,-71.34,-29.95,299.26,6.2,coquimbo
75,CA,1970-01-01 00:00:01.562349961,77,-66.38,50.2,291.15,4.1,sept-iles
75,RU,1970-01-01 00:00:01.562349962,87,30.79,59.7,285.93,1.0,nikolskoye
20,GL,1970-01-01 00:00:01.562349963,34,-46.03,60.72,293.15,1.5,qaqortoq
62,KI,1970-01-01 00:00:01.562349916,70,172.79,3.07,302.242,2.94,butaritari
40,MV,1970-01-01 00:00:01.562349887,77,73.0,5.67,302.042,4.57,ugoofaaru
95,RU,1970-01-01 00:00:01.562349963,95,156.12,50.68,279.142,5.47,severo-kurilsk
100,RU,1970-01-01 00:00:01.562349964,89,64.42,63.19,288.742,0.94,igrim
100,NG,1970-01-01 00:00:01.562349964,55,6.51,12.18,302.941,1.46,auki
20,AU,1970-01-01 00:00:01.562349919,100,147.06,-42.78,277.59,2.1,new norfolk
95,RU,1970-01-01 00:00:01.562349965,67,102.47,71.98,282.742,0.62,khatanga
97,LK,1970-01-01 00:00:01.562349965,83,81.12,6.12,301.142,7.17,hambantota
98,RU,1970-01-01 00:00:01.562349965,57,133.39,67.55,283.941,1.48,verkhoyansk
20,IS,1970-01-01 00:00:01.562349966,62,-22.43,63.84,289.15,7.7,grindavik
100,CN,1970-01-01 00:00:01.562349966,85,118.96,42.27,287.142,6.81,chifeng
100,RU,1970-01-01 00:00:01.562349936,83,147.9,70.62,281.742,4.77,chokurdakh
98,RU,1970-01-01 00:00:01.562349967,95,52.13,59.78,284.742,4.28,lesnoy
91,MV,1970-01-01 00:00:01.562349928,77,73.08,-0.6,301.842,5.32,hithadhoo
90,CA,1970-01-01 00:00:01.562349923,72,-114.38,62.45,290.15,4.1,yellowknife
18,US,1970-01-01 00:00:01.562349967,79,-74.98,39.31,307.04,3.1,port elizabeth
75,BR,1970-01-01 00:00:01.562349968,78,-55.97,-16.19,295.15,4.1,barao de melgaco
0,TL,1970-01-01 00:00:01.562349968,77,125.41,-8.93,291.342,2.63,airai
10,SA,1970-01-01 00:00:01.562349968,63,37.27,25.02,303.042,3.8,umm lajj
20,AO,1970-01-01 00:00:01.562349969,83,12.37,-6.13,298.15,2.1,soyo
17,UA,1970-01-01 00:00:01.562349969,50,35.78,45.3,296.042,3.08,lenine
25,PF,1970-01-01 00:00:01.562349912,79,-139.03,-9.8,300.441,9.88,atuona
13,RU,1970-01-01 00:00:01.562349970,85,56.19,62.71,285.842,2.19,troitsko-pechorsk
99,NG,1970-01-01 00:00:01.562349970,92,5.23,8.08,294.542,2.81,osi
0,IR,1970-01-01 00:00:01.562349971,11,56.92,33.6,311.15,3.1,tabas
99,PE,1970-01-01 00:00:01.562349971,84,-77.76,-10.75,290.142,4.27,barranca
20,EC,1970-01-01 00:00:01.562349971,83,-80.41,-0.59,300.15,4.1,san vicente
0,IT,1970-01-01 00:00:01.562349971,39,13.64,37.54,302.59,0.45,casteltermini
62,GL,1970-01-01 00:00:01.562349972,61,-69.36,77.48,278.842,2.07,qaanaaq
93,BR,1970-01-01 00:00:01.562349972,47,-57.76,-6.22,305.642,1.64,jacareacanga
0,FR,1970-01-01 00:00:01.562349972,23,4.24,48.95,304.15,2.6,saint-pierre
90,NO,1970-01-01 00:00:01.562349973,93,27.35,70.95,281.15,7.7,kjollefjord
7,NZ,1970-01-01 00:00:01.562349973,84,169.14,-44.7,274.26,1.36,wanaka
75,CA,1970-01-01 00:00:01.562349973,59,-97.86,55.74,289.15,5.7,thompson
55,BI,1970-01-01 00:00:01.562349974,86,29.48,-3.48,285.542,0.93,matara
90,US,1970-01-01 00:00:01.562349974,93,-124.16,40.6,292.59,2.1,fortuna
0,AU,1970-01-01 00:00:01.562349974,59,139.16,-34.85,289.82,3.6,palmer
3,NZ,1970-01-01 00:00:01.562349975,93,173.78,-35.1,278.71,2.24,kaeo
100,GL,1970-01-01 00:00:01.562349968,91,-56.15,72.79,277.941,0.94,upernavik
90,AR,1970-01-01 00:00:01.562349975,76,-65.26,-24.39,284.15,2.6,el carmen
95,UY,1970-01-01 00:00:01.562349976,71,-53.46,-33.69,282.342,10.45,chuy
36,AU,1970-01-01 00:00:01.562349976,68,138.6,-33.21,286.742,6.08,jamestown
2,NZ,1970-01-01 00:00:01.562349976,67,173.16,-35.17,286.842,7.66,ahipara
79,MV,1970-01-01 00:00:01.562349977,77,72.93,0.53,301.941,4.66,thinadhoo
0,ZA,1970-01-01 00:00:01.562349805,55,18.42,-33.93,289.82,4.02,cape town
64,AU,1970-01-01 00:00:01.562349977,72,135.86,-34.72,288.941,8.48,port lincoln
40,US,1970-01-01 00:00:01.562349947,93,-161.76,60.79,291.15,4.1,bethel
90,BR,1970-01-01 00:00:01.562349946,81,-52.1,-32.03,280.15,5.7,rio grande
42,CD,1970-01-01 00:00:01.562349978,45,28.78,-12.89,292.042,1.77,sokoni
1,US,1970-01-01 00:00:01.562349978,73,-155.08,19.71,297.59,2.6,hilo
50,CK,1970-01-01 00:00:01.562349979,82,-159.78,-21.21,293.15,7.2,avarua
0,DK,1970-01-01 00:00:01.562349979,62,9.48,55.85,290.37,7.2,torring
29,YE,1970-01-01 00:00:01.562349942,41,46.47,14.4,301.242,2.38,marzuq
40,BO,1970-01-01 00:00:01.562349980,59,-65.46,-10.79,305.15,1.0,villa union
77,TD,1970-01-01 00:00:01.562349980,51,22.2,13.47,300.342,6.47,adre
90,US,1970-01-01 00:00:01.562349981,83,-74.07,40.08,305.37,3.1,point pleasant
21,AO,1970-01-01 00:00:01.562349981,78,13.24,-8.83,296.15,1.5,luanda
100,GL,1970-01-01 00:00:01.562349981,89,-53.67,66.94,277.542,5.82,sisimiut
90,CA,1970-01-01 00:00:01.562349982,75,-65.72,66.15,279.15,5.1,pangnirtung
40,MX,1970-01-01 00:00:01.562349982,48,-101.42,26.78,302.15,2.6,castanos
95,GL,1970-01-01 00:00:01.562349982,77,-49.67,61.99,280.342,7.14,paamiut
20,US,1970-01-01 00:00:01.562349983,72,-122.43,37.46,295.37,2.1,half moon bay
0,AR,1970-01-01 00:00:01.562349983,86,-69.22,-51.62,283.15,4.6,rio gallegos
75,AU,1970-01-01 00:00:01.562349984,100,152.91,-31.43,284.82,2.1,port macquarie
3,RU,1970-01-01 00:00:01.562349984,73,178.42,69.38,284.941,4.53,leningradskiy
40,MU,1970-01-01 00:00:01.562349984,73,57.76,-20.21,295.15,3.1,quatre cocos
40,CA,1970-01-01 00:00:01.562349942,44,-86.95,49.72,298.15,4.1,geraldton
90,IE,1970-01-01 00:00:01.562349985,93,-7.73,54.95,290.15,6.7,letterkenny
54,UG,1970-01-01 00:00:01.562349985,92,32.88,3.3,293.142,0.96,kitgum
20,EC,1970-01-01 00:00:01.562349922,57,-90.35,-0.74,299.15,7.2,puerto ayora
85,AR,1970-01-01 00:00:01.562349985,60,-67.52,-46.43,279.941,8.9,mar del plata
100,GA,1970-01-01 00:00:01.562349986,88,9.26,-1.57,296.242,4.03,omboue
3,ZA,1970-01-01 00:00:01.562349986,70,20.04,-34.53,282.742,1.82,bredasdorp
90,PE,1970-01-01 00:00:01.562349986,30,-76.2,-13.71,295.15,3.6,pisco
58,PK,1970-01-01 00:00:01.562349987,83,67.45,24.14,302.042,8.21,keti bandar
75,LR,1970-01-01 00:00:01.562349987,88,-10.8,6.33,299.15,1.5,monrovia
0,FR,1970-01-01 00:00:01.562349987,31,3.91,46.42,306.15,4.6,saint-francois
0,BR,1970-01-01 00:00:01.562349987,60,-39.27,-17.73,303.342,2.73,caravelas
21,AR,1970-01-01 00:00:01.562349932,56,-60.23,-38.31,280.142,4.95,barrow
22,BR,1970-01-01 00:00:01.562349988,59,-39.27,-3.28,302.941,3.66,trairi
94,PG,1970-01-01 00:00:01.562349988,74,150.8,-2.57,301.441,3.82,kavieng
56,AU,1970-01-01 00:00:01.562349988,93,121.89,-33.86,279.15,5.7,esperance
100,RU,1970-01-01 00:00:01.562349989,97,39.51,68.05,284.042,5.63,ostrovnoy
1,ID,1970-01-01 00:00:01.562349989,97,102.29,-0.42,296.441,1.0,japura
75,BR,1970-01-01 00:00:01.562349989,88,-42.02,-22.97,294.15,9.3,arraial do cabo
86,GF,1970-01-01 00:00:01.562349990,82,-52.96,5.38,300.042,5.45,sinnamary
99,RU,1970-01-01 00:00:01.562349990,91,150.89,65.73,282.941,3.46,zyryanka
20,MR,1970-01-01 00:00:01.562349990,7,-13.05,20.52,318.642,6.33,atar
89,GH,1970-01-01 00:00:01.562349990,86,-1.75,4.89,297.542,3.0,takoradi
75,CL,1970-01-01 00:00:01.562349991,93,-73.76,-42.48,280.15,3.1,castro
0,CR,1970-01-01 00:00:01.562349991,42,-84.73,10.09,302.15,7.2,miramar
93,JP,1970-01-01 00:00:01.562349992,81,136.9,37.4,294.642,9.58,wajima
0,UA,1970-01-01 00:00:01.562349992,50,32.99,46.71,297.15,4.0,kozachi laheri
0,RU,1970-01-01 00:00:01.562349992,53,109.32,55.65,283.342,1.74,severobaykalsk
95,UY,1970-01-01 00:00:01.562349993,73,-54.34,-34.48,280.441,8.12,rocha
71,CA,1970-01-01 00:00:01.562349993,62,-108.41,49.65,292.142,4.97,shaunavon
0,AR,1970-01-01 00:00:01.562349993,54,-67.48,-45.87,285.15,3.6,comodoro rivadavia
0,ES,1970-01-01 00:00:01.562349994,74,-0.56,38.19,305.37,3.1,santa pola
0,CN,1970-01-01 00:00:01.562349994,83,103.46,30.42,297.15,1.0,linqiong
40,PT,1970-01-01 00:00:01.562349994,64,-25.43,37.72,294.15,6.2,vila franca do campo
75,BN,1970-01-01 00:00:01.562349995,88,115.24,5.28,299.15,3.64,victoria
91,PG,1970-01-01 00:00:01.562349936,81,152.44,-3.66,298.941,3.87,namatanai
37,MX,1970-01-01 00:00:01.562349995,33,-105.17,27.69,303.342,0.84,camargo
72,RU,1970-01-01 00:00:01.562349996,96,108.01,61.28,288.642,2.21,yerbogachen
75,US,1970-01-01 00:00:01.562349987,70,-76.9,34.88,305.15,2.6,havelock
90,CA,1970-01-01 00:00:01.562349996,100,-68.52,63.75,277.15,2.6,iqaluit
43,CM,1970-01-01 00:00:01.562349996,91,14.36,4.44,295.142,0.63,batouri
90,CA,1970-01-01 00:00:01.562349997,82,-135.01,68.22,289.15,1.5,aklavik
0,MR,1970-01-01 00:00:01.562349997,64,-17.03,20.93,296.15,10.8,nouadhibou
85,RU,1970-01-01 00:00:01.562349997,95,56.73,60.74,284.042,3.03,nyrob
91,BR,1970-01-01 00:00:01.562349998,89,-46.0,-20.63,290.941,4.69,ponta do sol
100,AU,1970-01-01 00:00:01.562349998,81,140.78,-37.83,284.15,4.6,mount gambier
1,CA,1970-01-01 00:00:01.562349917,82,-130.32,54.32,290.15,2.1,prince rupert
0,AR,1970-01-01 00:00:01.562349998,54,-59.66,-33.68,284.82,0.89,san pedro
99,IN,1970-01-01 00:00:01.562349948,77,72.64,10.57,302.142,8.59,kavaratti
71,UA,1970-01-01 00:00:01.562349999,41,23.43,48.05,299.15,2.1,vyshkovo
75,CA,1970-01-01 00:00:01.562349999,68,-135.9,63.59,293.15,1.5,mayo
40,SA,1970-01-01 00:00:01.562350000,16,44.22,17.54,308.15,3.1,najran
96,MG,1970-01-01 00:00:01.562350000,61,49.05,-13.19,297.742,4.02,ambilobe
0,SA,1970-01-01 00:00:01.562350000,17,43.97,26.33,311.15,2.1,buraydah
90,CA,1970-01-01 00:00:01.562350001,69,-73.48,45.36,302.59,1.5,saint-philippe
40,GB,1970-01-01 00:00:01.562350001,82,-2.47,56.71,291.48,7.2,montrose
100,PG,1970-01-01 00:00:01.562350001,98,141.3,-6.12,295.042,0.9,kiunga
60,ID,1970-01-01 00:00:01.562350002,76,100.36,-0.92,301.542,4.69,padang
100,NZ,1970-01-01 00:00:01.562349938,91,169.85,-46.28,280.342,3.3,kaitangata
90,CA,1970-01-01 00:00:01.562350002,93,-68.59,70.47,275.15,1.5,clyde river
75,US,1970-01-01 00:00:01.562350003,60,-118.17,34.11,297.59,1.5,olga
100,NZ,1970-01-01 00:00:01.562349846,76,174.78,-41.29,283.15,17.5,wellington
0,FR,1970-01-01 00:00:01.562350004,35,-0.6,45.6,305.15,8.7,souillac
40,MU,1970-01-01 00:00:01.562350004,73,57.76,-20.34,295.15,3.1,bambous virieux
90,US,1970-01-01 00:00:01.562350004,83,-103.15,44.06,295.93,3.03,rapid valley
78,ID,1970-01-01 00:00:01.562350005,77,134.08,-0.87,295.642,1.97,manokwari
75,NC,1970-01-01 00:00:01.562349772,88,166.46,-22.28,292.15,2.1,noumea
99,RU,1970-01-01 00:00:01.562350005,97,97.53,50.6,284.542,0.95,kungurtug
0,RU,1970-01-01 00:00:01.562350005,67,109.03,53.41,281.642,1.21,ust-barguzin
100,IN,1970-01-01 00:00:01.562350006,83,69.61,21.64,301.342,8.09,porbandar
90,PE,1970-01-01 00:00:01.562349890,88,-77.04,-12.06,290.15,2.1,lima
51,MV,1970-01-01 00:00:01.562350007,76,73.07,6.62,302.242,4.79,kulhudhuffushi
1,US,1970-01-01 00:00:01.562350007,36,-119.02,36.07,304.26,3.21,porterville
77,RU,1970-01-01 00:00:01.562350008,86,39.38,56.3,285.042,2.11,kolchugino
40,AR,1970-01-01 00:00:01.562349710,56,-66.86,-29.41,280.842,2.33,la rioja
75,JP,1970-01-01 00:00:01.562350008,94,140.83,35.73,293.15,4.1,hasaki
20,ES,1970-01-01 00:00:01.562350009,65,-2.36,42.56,302.15,6.2,aras
70,RU,1970-01-01 00:00:01.562350009,98,136.64,50.72,287.142,0.75,solnechnyy
100,ID,1970-01-01 00:00:01.562350010,69,96.13,4.14,302.042,1.56,meulaboh
25,PE,1970-01-01 00:00:01.562350010,41,-77.81,-9.05,289.642,4.38,caraz
90,US,1970-01-01 00:00:01.562349811,73,-100.35,44.37,297.04,4.6,pierre
20,IS,1970-01-01 00:00:01.562349972,50,-15.21,64.25,287.15,4.6,hofn
0,EG,1970-01-01 00:00:01.562350011,13,30.55,25.34,305.542,5.44,port said
20,GL,1970-01-01 00:00:01.562350011,34,-46.05,60.91,293.15,1.5,narsaq
75,JP,1970-01-01 00:00:01.562349928,100,138.93,34.7,293.15,2.6,shimoda
40,MU,1970-01-01 00:00:01.562350012,73,57.7,-20.41,295.15,3.1,mahebourg
0,IS,1970-01-01 00:00:01.562350012,87,-20.27,63.44,286.15,6.2,vestmannaeyjar
40,CA,1970-01-01 00:00:01.562350013,56,-100.04,51.15,293.15,2.6,dauphin
20,AU,1970-01-01 00:00:01.562350013,100,147.26,-43.03,277.59,2.1,margate
20,SN,1970-01-01 00:00:01.562350013,74,-16.66,14.19,307.15,4.1,diofior
90,AU,1970-01-01 00:00:01.562350014,100,150.48,-35.36,284.26,1.17,ulladulla
13,RU,1970-01-01 00:00:01.562350015,95,76.62,56.56,289.042,4.19,kyshtovka
40,US,1970-01-01 00:00:01.562350015,74,-93.29,45.23,301.48,2.6,andover
63,CD,1970-01-01 00:00:01.562350015,49,14.87,-5.25,299.342,2.3,mbanza-ngungu
1,US,1970-01-01 00:00:01.562350015,45,-111.68,43.97,294.82,2.76,saint anthony
0,RU,1970-01-01 00:00:01.562350016,82,80.55,73.51,275.941,6.91,dikson
75,NO,1970-01-01 00:00:01.562350016,93,30.05,69.73,281.15,5.1,kirkenes
20,US,1970-01-01 00:00:01.562350016,88,-157.84,21.44,300.93,2.6,ahuimanu
90,CA,1970-01-01 00:00:01.562350017,82,-52.73,47.66,287.59,6.7,torbay
75,PT,1970-01-01 00:00:01.562350017,77,-28.7,38.52,294.15,3.1,ribeira grande
82,CO,1970-01-01 00:00:01.562350018,84,-77.37,4.95,300.242,6.06,pizarro
40,NO,1970-01-01 00:00:01.562350018,62,5.58,62.2,287.15,2.1,larsnes
73,TZ,1970-01-01 00:00:01.562350018,40,33.8,-3.17,296.242,1.13,sola
31,RU,1970-01-01 00:00:01.562350019,64,116.91,52.99,285.242,1.23,bukachacha
40,CO,1970-01-01 00:00:01.562350019,62,-74.95,4.57,302.15,3.1,alvarado
1,US,1970-01-01 00:00:01.562349942,45,-94.76,39.95,301.15,1.3,kodiak
75,NO,1970-01-01 00:00:01.562350019,76,15.63,78.22,283.15,9.8,longyearbyen
40,VG,1970-01-01 00:00:01.562349770,59,-64.62,18.42,305.15,5.1,road town
13,RU,1970-01-01 00:00:01.562350020,96,123.37,66.77,278.842,1.18,zhigansk
40,BR,1970-01-01 00:00:01.562349946,74,-35.46,-5.2,301.15,5.1,touros
56,RU,1970-01-01 00:00:01.562350021,48,100.22,64.27,289.142,8.5,tura
0,FR,1970-01-01 00:00:01.562350021,48,4.08,44.13,306.15,3.6,ales
0,GB,1970-01-01 00:00:01.562350021,47,-2.1,51.58,298.15,4.1,malmesbury
1,US,1970-01-01 00:00:01.562350006,53,-149.44,61.58,297.59,2.22,wasilla
0,CN,1970-01-01 00:00:01.562350022,95,112.52,29.72,297.042,4.9,dongsheng
0,CN,1970-01-01 00:00:01.562350022,65,106.68,35.54,286.342,2.64,pingliang
0,LY,1970-01-01 00:00:01.562350022,17,10.98,31.86,308.842,5.53,nalut
75,LV,1970-01-01 00:00:01.562350023,76,21.56,57.39,286.15,8.7,ventspils
75,US,1970-01-01 00:00:01.562350023,60,-117.85,33.79,298.71,1.5,orange
5,MX,1970-01-01 00:00:01.562350014,54,-109.91,22.89,308.71,1.0,cabo san lucas
17,DK,1970-01-01 00:00:01.562350024,62,8.13,56.01,288.15,7.2,hvide sande
75,NO,1970-01-01 00:00:01.562350024,81,24.66,71.0,282.15,6.7,havoysund
0,PE,1970-01-01 00:00:01.562350025,55,-70.03,-17.47,292.15,3.1,tarata
20,PT,1970-01-01 00:00:01.562350025,73,-8.45,37.14,294.82,6.7,lagoa
20,SN,1970-01-01 00:00:01.562349997,74,-16.54,14.69,299.15,4.1,gat
26,KZ,1970-01-01 00:00:01.562350026,60,83.65,48.57,290.742,2.74,kurchum
100,RU,1970-01-01 00:00:01.562350026,97,139.92,53.94,283.242,2.39,mnogovershinnyy
75,ES,1970-01-01 00:00:01.562350027,73,-17.92,28.66,297.15,3.1,los llanos de aridane
75,FO,1970-01-01 00:00:01.562350027,87,-6.59,62.23,282.15,6.2,klaksvik
60,ID,1970-01-01 00:00:01.562350027,76,100.47,-1.19,301.542,4.69,duku
70,RU,1970-01-01 00:00:01.562350028,95,145.86,44.03,284.642,2.72,yuzhno-kurilsk
20,CA,1970-01-01 00:00:01.562350028,55,-101.9,51.56,291.15,2.6,kamsack
99,GB,1970-01-01 00:00:01.562350028,60,-0.41,54.28,294.15,5.1,scarborough
8,ID,1970-01-01 00:00:01.562350028,81,132.75,-5.67,298.342,7.13,tual
54,BR,1970-01-01 00:00:01.562350029,79,-63.14,-4.09,302.441,0.6,coari
93,GN,1970-01-01 00:00:01.562350029,58,-13.3,12.49,305.342,2.08,koundara
100,RU,1970-01-01 00:00:01.562350030,90,153.71,67.46,281.242,4.45,srednekolymsk
94,MG,1970-01-01 00:00:01.562350030,88,50.17,-14.27,292.542,1.05,sambava
0,AU,1970-01-01 00:00:01.562350030,93,136.42,-13.85,289.15,1.5,alyangula
37,RU,1970-01-01 00:00:01.562349962,66,-170.99,65.58,287.642,2.14,lavrentiya
0,ZA,1970-01-01 00:00:01.562349935,29,22.13,-30.97,282.142,2.48,carnarvon
0,CN,1970-01-01 00:00:01.562350031,37,112.42,34.66,297.842,3.55,luoyang
13,BR,1970-01-01 00:00:01.562350031,59,-44.78,-4.23,304.842,1.63,bacabal
36,BO,1970-01-01 00:00:01.562350031,56,-67.22,-16.98,283.342,4.26,quime
90,CA,1970-01-01 00:00:01.562350032,69,-73.98,45.63,303.71,1.5,saint-augustin
20,MG,1970-01-01 00:00:01.562350032,78,46.64,-16.11,298.15,1.0,marovoay
95,RU,1970-01-01 00:00:01.562350032,73,66.39,66.66,289.242,6.77,labytnangi
0,US,1970-01-01 00:00:01.562350019,58,-99.65,37.17,305.37,3.13,sitka
69,CM,1970-01-01 00:00:01.562350033,93,12.65,7.37,294.742,0.73,tignere
40,DO,1970-01-01 00:00:01.562350033,52,-70.88,19.56,307.04,5.1,villa bisono
0,CN,1970-01-01 00:00:01.562350033,34,109.94,34.79,299.342,6.45,dali
0,SE,1970-01-01 00:00:01.562350034,51,12.53,57.93,290.37,6.2,alingsas
5,RU,1970-01-01 00:00:01.562350034,76,121.97,53.97,284.042,1.83,yerofey pavlovich
15,CA,1970-01-01 00:00:01.562350035,53,-137.51,60.75,293.441,0.66,haines junction
40,MX,1970-01-01 00:00:01.562349940,70,-99.88,16.86,304.15,3.1,acapulco
40,BR,1970-01-01 00:00:01.562350035,66,-34.81,-7.47,302.15,5.1,pitimbu
1,ZA,1970-01-01 00:00:01.562350036,87,24.73,-34.0,282.642,2.06,kruisfontein
90,AU,1970-01-01 00:00:01.562350036,100,150.85,-34.58,287.04,1.06,flinders
0,AF,1970-01-01 00:00:01.562350036,17,66.63,32.93,291.642,0.98,uruzgan
63,EE,1970-01-01 00:00:01.562349939,93,26.19,59.1,283.742,2.41,vao
100,JP,1970-01-01 00:00:01.562350037,95,145.57,43.32,283.941,0.19,nemuro
31,TD,1970-01-01 00:00:01.562350037,49,18.34,13.21,304.042,4.04,ati
0,LY,1970-01-01 00:00:01.562350037,17,21.55,29.03,305.042,3.77,jalu
75,CA,1970-01-01 00:00:01.562350038,77,-126.83,65.28,290.15,1.5,norman wells
19,RU,1970-01-01 00:00:01.562350038,81,43.41,58.48,284.642,2.47,parfenyevo
92,CO,1970-01-01 00:00:01.562350038,68,-67.92,3.87,303.242,0.91,inirida
51,BF,1970-01-01 00:00:01.562350038,27,-0.24,14.45,310.142,2.96,gorom-gorom
21,MN,1970-01-01 00:00:01.562350039,68,103.53,48.81,284.441,1.44,bulgan
77,PH,1970-01-01 00:00:01.562350039,77,120.58,18.47,301.542,7.4,davila
1,GL,1970-01-01 00:00:01.562349939,64,-45.24,60.14,281.342,2.41,nanortalik
5,MX,1970-01-01 00:00:01.562350040,52,-107.82,24.94,310.93,4.38,juan aldama
75,GA,1970-01-01 00:00:01.562350040,83,8.78,-0.72,298.15,4.1,port-gentil
40,NO,1970-01-01 00:00:01.562350041,67,17.6,68.38,287.15,7.2,beisfjord
92,PH,1970-01-01 00:00:01.562350041,73,122.09,11.72,300.441,2.15,pandan
3,MX,1970-01-01 00:00:01.562350041,88,-114.04,27.97,290.941,4.89,guerrero negro
90,KR,1970-01-01 00:00:01.562349806,88,126.98,37.57,299.15,1.5,seoul
90,IE,1970-01-01 00:00:01.562350042,93,-7.78,54.8,290.15,6.7,ballybofey
100,LA,1970-01-01 00:00:01.562350042,98,104.04,20.42,292.042,1.22,xam nua
1,US,1970-01-01 00:00:01.562350042,68,-119.7,34.42,299.26,2.1,santa barbara
0,CD,1970-01-01 00:00:01.562350043,29,27.4,-7.3,297.941,1.49,manono
20,PT,1970-01-01 00:00:01.562350043,77,-9.45,38.8,296.15,5.1,colares
100,IN,1970-01-01 00:00:01.562350043,96,94.81,26.24,297.142,0.99,tuensang
0,BR,1970-01-01 00:00:01.562350044,22,-46.63,-14.1,306.242,1.76,iaciara
100,PG,1970-01-01 00:00:01.562350044,76,155.63,-6.22,299.642,3.03,kieta
40,BB,1970-01-01 00:00:01.562350044,58,-59.52,13.22,304.15,10.8,bathsheba
73,RU,1970-01-01 00:00:01.562350045,97,125.49,58.84,283.542,2.25,nizhniy kuranakh
90,AU,1970-01-01 00:00:01.562350045,100,149.1,-35.3,280.93,1.0,canberra
36,JP,1970-01-01 00:00:01.562350046,88,130.94,33.63,296.48,1.5,miyako
36,MX,1970-01-01 00:00:01.562350046,61,-97.11,19.83,299.441,2.92,malacatepec
83,VU,1970-01-01 00:00:01.562349978,78,169.27,-19.55,296.742,7.92,isangel
20,US,1970-01-01 00:00:01.562350046,69,-156.47,20.89,300.15,4.52,kahului
0,AU,1970-01-01 00:00:01.562350047,93,145.39,-37.84,283.71,3.1,olinda
100,CN,1970-01-01 00:00:01.562350047,95,118.78,42.12,287.342,2.76,mujiayingzi
17,KZ,1970-01-01 00:00:01.562350047,87,82.52,50.13,289.15,1.35,belousovka
75,CO,1970-01-01 00:00:01.562350048,49,-74.71,10.58,307.15,3.1,guaimaro
75,CL,1970-01-01 00:00:01.562350048,93,-73.83,-41.87,280.15,3.1,ancud
20,SB,1970-01-01 00:00:01.562350049,100,159.96,-9.43,295.15,1.98,honiara
100,CN,1970-01-01 00:00:01.562350049,54,123.73,50.57,285.441,1.52,alihe
90,CL,1970-01-01 00:00:01.562350049,87,-72.07,-45.58,280.15,5.7,coihaique
98,GW,1970-01-01 00:00:01.562350050,86,-15.83,11.28,299.941,7.57,bubaque
97,LV,1970-01-01 00:00:01.562350050,92,27.27,57.13,282.441,5.77,balvi
1,US,1970-01-01 00:00:01.562349965,58,-99.24,30.3,303.71,5.7,harper
100,NZ,1970-01-01 00:00:01.562350051,62,176.92,-39.49,283.71,10.28,napier
90,US,1970-01-01 00:00:01.562349918,82,-121.92,36.62,293.71,4.08,pacific grove
50,SO,1970-01-01 00:00:01.562350051,42,50.81,9.49,303.542,9.12,bandarbeyla
100,RU,1970-01-01 00:00:01.562350051,96,150.17,59.7,279.941,0.85,arman
68,ID,1970-01-01 00:00:01.562350052,94,129.0,-3.31,299.26,3.79,amahai
27,RU,1970-01-01 00:00:01.562350052,93,124.74,55.15,281.842,1.34,tynda
100,NE,1970-01-01 00:00:01.562350052,31,10.27,13.98,308.842,5.91,goure
40,IR,1970-01-01 00:00:01.562349979,11,51.68,32.66,308.15,4.1,esfahan
36,BR,1970-01-01 00:00:01.562350053,32,-41.55,-5.32,308.842,1.34,castelo do piaui
57,CU,1970-01-01 00:00:01.562350054,52,-80.59,22.98,306.441,2.97,corralillo
45,IN,1970-01-01 00:00:01.562350054,89,78.62,30.78,279.642,0.93,lata
0,CN,1970-01-01 00:00:01.562350055,62,119.13,34.58,297.441,4.45,haizhou
17,PH,1970-01-01 00:00:01.562350055,77,119.81,16.29,301.842,5.59,catuday
40,US,1970-01-01 00:00:01.562350055,55,-88.54,39.12,305.93,2.21,effingham
1,US,1970-01-01 00:00:01.562350056,58,-91.2,40.33,304.15,2.1,basco
100,RU,1970-01-01 00:00:01.562350056,96,45.93,61.56,285.842,3.39,krasnoborsk
75,CA,1970-01-01 00:00:01.562350056,77,-66.88,50.03,291.15,4.1,port-cartier
84,AU,1970-01-01 00:00:01.562350057,94,145.91,-41.05,284.82,1.79,burnie
40,PH,1970-01-01 00:00:01.562350057,76,119.9,15.44,301.742,3.98,palauig
20,CY,1970-01-01 00:00:01.562350057,88,32.53,34.92,299.15,5.1,lasa
10,ID,1970-01-01 00:00:01.562350057,94,115.25,-2.42,295.941,0.55,amuntai
51,PF,1970-01-01 00:00:01.562349934,78,-151.75,-16.48,298.042,10.87,faanui
40,BZ,1970-01-01 00:00:01.562350058,70,-88.94,16.17,304.15,2.1,laguna
75,GB,1970-01-01 00:00:01.562350058,93,-1.15,60.15,284.15,3.1,lerwick
0,DE,1970-01-01 00:00:01.562350059,41,8.06,51.4,298.71,3.1,arnsberg
1,US,1970-01-01 00:00:01.562349828,61,-98.86,38.9,300.93,11.3,russell
96,ID,1970-01-01 00:00:01.562350059,97,108.21,-7.38,293.342,1.34,kawalu
95,SB,1970-01-01 00:00:01.562350060,86,161.92,-10.46,297.742,1.57,kirakira
25,ML,1970-01-01 00:00:01.562350060,12,-3.53,18.9,315.941,2.63,araouane
100,RU,1970-01-01 00:00:01.562350060,79,114.09,71.97,277.542,4.74,saskylakh
99,MX,1970-01-01 00:00:01.562350060,37,-103.7,24.87,299.941,2.06,cuencame
100,NG,1970-01-01 00:00:01.562350061,97,7.07,5.43,295.842,1.45,naze
40,AU,1970-01-01 00:00:01.562350061,93,116.67,-31.65,281.15,2.1,northam
52,PH,1970-01-01 00:00:01.562350062,80,120.43,17.49,301.941,6.84,santa
24,BR,1970-01-01 00:00:01.562350025,54,-51.99,-6.64,305.542,0.68,sao felix do xingu
0,BR,1970-01-01 00:00:01.562350062,63,-52.2,-28.45,279.142,5.78,marau
80,RU,1970-01-01 00:00:01.562350062,96,143.1,49.22,280.742,1.9,poronaysk
90,CA,1970-01-01 00:00:01.562350063,72,-133.71,68.36,289.15,3.1,inuvik
20,US,1970-01-01 00:00:01.562350035,65,-73.36,41.14,303.15,4.1,westport
0,KZ,1970-01-01 00:00:01.562350063,82,76.93,52.04,289.15,2.0,aksu
88,NG,1970-01-01 00:00:01.562350064,38,5.27,13.03,307.042,1.81,mana
58,SE,1970-01-01 00:00:01.562350064,55,15.49,60.45,289.82,6.7,hede
20,RU,1970-01-01 00:00:01.562350064,63,59.15,53.14,289.15,3.0,svetlogorsk
40,MU,1970-01-01 00:00:01.562350064,73,57.66,-20.01,295.15,3.1,grand gaube
99,PE,1970-01-01 00:00:01.562350065,84,-77.61,-11.1,290.142,4.27,hualmay
51,CN,1970-01-01 00:00:01.562349987,64,88.52,28.28,279.642,3.12,gamba
0,AO,1970-01-01 00:00:01.562350066,18,13.49,-14.92,295.15,3.1,lubango
67,MX,1970-01-01 00:00:01.562350066,57,-105.25,19.93,304.242,3.19,tomatlan
75,US,1970-01-01 00:00:01.562350066,60,-147.8,64.86,294.26,2.1,college
1,US,1970-01-01 00:00:01.562350013,52,-91.21,29.7,309.26,0.68,morgan city
0,ID,1970-01-01 00:00:01.562350067,97,117.47,0.12,295.441,0.55,bontang
91,RU,1970-01-01 00:00:01.562349958,82,179.32,63.05,284.142,3.37,beringovskiy
0,FR,1970-01-01 00:00:01.562349822,42,0.71,49.65,300.37,4.6,veraval
0,IR,1970-01-01 00:00:01.562350067,16,50.81,35.73,308.15,3.1,mahdasht
100,MM,1970-01-01 00:00:01.562350068,94,94.82,20.89,296.842,7.77,chauk
90,AU,1970-01-01 00:00:01.562350068,93,147.14,-41.43,283.15,1.5,launceston
50,CN,1970-01-01 00:00:01.562350068,97,119.31,29.94,292.642,1.38,hecun
71,CA,1970-01-01 00:00:01.562350068,48,-107.04,51.48,293.042,3.4,outlook
40,BB,1970-01-01 00:00:01.562350069,58,-59.53,13.07,304.15,10.8,oistins
45,RU,1970-01-01 00:00:01.562350069,60,40.36,48.73,290.142,1.21,tarasovskiy
60,AU,1970-01-01 00:00:01.562350069,71,149.84,-29.46,283.15,2.6,moree
0,RU,1970-01-01 00:00:01.562350070,62,88.39,69.49,284.15,14.0,talnakh
99,RU,1970-01-01 00:00:01.562350070,47,102.28,60.35,291.542,2.06,vanavara
20,TZ,1970-01-01 00:00:01.562350070,64,32.93,-1.99,296.15,3.75,muriti
58,RU,1970-01-01 00:00:01.562350071,57,134.64,67.65,283.142,1.28,batagay
1,RU,1970-01-01 00:00:01.562350071,87,58.79,55.17,283.842,2.64,mezhevoy
90,RU,1970-01-01 00:00:01.562350072,100,158.65,53.05,281.15,0.46,petropavlovsk-kamchatskiy
9,IN,1970-01-01 00:00:01.562350072,48,77.36,31.12,298.642,1.4,theog
30,BR,1970-01-01 00:00:01.562350072,71,-46.02,-1.2,302.042,4.06,carutapera
90,RU,1970-01-01 00:00:01.562350073,72,31.69,52.48,290.15,7.0,vyshkov
5,ID,1970-01-01 00:00:01.562350073,97,114.39,-3.01,296.342,1.41,kualakapuas
0,FR,1970-01-01 00:00:01.562350073,62,6.97,43.56,307.15,2.6,saint-joseph
34,RU,1970-01-01 00:00:01.562350073,97,58.22,57.34,283.242,2.42,shamary
79,RU,1970-01-01 00:00:01.562349976,59,135.8,62.22,284.441,2.82,dzhebariki-khaya
5,RU,1970-01-01 00:00:01.562350074,63,113.57,56.17,283.842,1.52,severomuysk
75,US,1970-01-01 00:00:01.562349812,62,-76.58,36.73,306.48,3.04,suffolk
0,NA,1970-01-01 00:00:01.562350074,87,15.16,-26.65,286.15,7.7,luderitz
24,KZ,1970-01-01 00:00:01.562350075,60,54.08,51.09,290.042,3.3,chingirlau
1,US,1970-01-01 00:00:01.562350075,88,-98.0,46.92,294.15,2.6,valley city
0,DE,1970-01-01 00:00:01.562350076,43,14.09,51.27,295.93,2.6,kamenz
74,RU,1970-01-01 00:00:01.562350076,91,53.15,67.68,288.842,5.64,iskateley
0,PT,1970-01-01 00:00:01.562350076,25,-6.55,41.42,301.441,3.76,saldanha
75,GL,1970-01-01 00:00:01.562349938,66,-51.1,69.22,282.15,2.1,ilulissat
75,BR,1970-01-01 00:00:01.562350077,88,-68.77,-11.02,298.15,6.2,cobija
99,TH,1970-01-01 00:00:01.562350077,79,98.62,9.96,301.342,4.17,ranong
90,MX,1970-01-01 00:00:01.562350077,52,-104.67,23.99,297.59,3.1,constitucion
85,PG,1970-01-01 00:00:01.562350078,83,147.27,-2.02,298.542,2.06,lorengau
100,NC,1970-01-01 00:00:01.562350078,79,165.16,-21.35,294.342,2.25,poya
0,IR,1970-01-01 00:00:01.562350079,15,59.22,32.86,300.15,7.2,birjand
25,RU,1970-01-01 00:00:01.562350079,87,62.35,59.43,285.142,2.6,gari
1,US,1970-01-01 00:00:01.562350079,9,-106.78,34.66,306.48,2.1,belen
0,ES,1970-01-01 00:00:01.562350080,35,-6.01,37.46,304.82,6.2,la algaba
100,LV,1970-01-01 00:00:01.562350080,92,26.72,56.29,283.042,5.19,preili
65,BR,1970-01-01 00:00:01.562350080,76,-35.22,-9.01,299.742,3.8,maragogi
0,GR,1970-01-01 00:00:01.562350081,39,24.43,36.75,302.15,4.6,milos
77,PH,1970-01-01 00:00:01.562350081,77,120.62,18.33,301.542,7.4,pasuquin
100,CN,1970-01-01 00:00:01.562350066,96,125.23,49.17,286.042,4.67,nenjiang
0,IR,1970-01-01 00:00:01.562349882,9,46.49,34.8,306.15,3.1,javanrud
81,CM,1970-01-01 00:00:01.562350082,98,11.16,2.91,294.242,1.5,elat
99,ID,1970-01-01 00:00:01.562350082,98,122.88,-0.91,290.642,1.81,biak
75,NO,1970-01-01 00:00:01.562350082,58,18.96,69.65,287.15,3.6,tromso
0,ZA,1970-01-01 00:00:01.562350083,90,16.43,-28.55,286.542,8.96,oranjemund
0,BW,1970-01-01 00:00:01.562350083,21,21.84,-18.36,290.142,2.73,shakawe
75,BR,1970-01-01 00:00:01.562349845,33,-48.01,-16.02,303.15,6.7,santa maria
75,GM,1970-01-01 00:00:01.562350084,62,-16.43,13.35,303.15,3.6,lamin
0,PT,1970-01-01 00:00:01.562350084,30,-7.35,40.36,297.59,4.25,belmonte
82,ID,1970-01-01 00:00:01.562350084,98,105.06,-5.32,294.642,0.4,mataram
75,OM,1970-01-01 00:00:01.562350032,89,54.1,17.01,302.15,2.6,salalah
100,TD,1970-01-01 00:00:01.562350085,54,15.86,11.81,301.842,2.62,dourbali
40,GB,1970-01-01 00:00:01.562350085,68,1.45,52.47,298.71,3.6,broome
0,RU,1970-01-01 00:00:01.562350085,62,38.7,44.32,290.542,3.39,dzhubga
98,RU,1970-01-01 00:00:01.562349963,84,57.56,66.0,289.742,3.19,usinsk
0,FR,1970-01-01 00:00:01.562350086,29,5.83,46.11,305.15,1.5,bellegarde-sur-valserine
0,IN,1970-01-01 00:00:01.562350086,83,78.49,30.69,290.441,1.74,ginda
0,IR,1970-01-01 00:00:01.562350087,19,53.39,35.58,308.15,3.1,semnan
0,AU,1970-01-01 00:00:01.562350087,38,116.85,-20.74,290.142,6.81,karratha
86,ET,1970-01-01 00:00:01.562350087,82,38.73,8.96,289.642,0.71,lebu
75,ES,1970-01-01 00:00:01.562350088,82,-7.54,43.27,294.82,2.6,bereda
0,EG,1970-01-01 00:00:01.562350088,69,27.25,31.35,301.15,6.2,marsa matruh
99,PH,1970-01-01 00:00:01.562350088,85,119.24,10.18,298.042,0.27,caramay
0,BW,1970-01-01 00:00:01.562350089,17,24.86,-21.2,289.842,2.95,mopipi
90,AO,1970-01-01 00:00:01.562350089,83,13.4,-12.58,296.15,2.1,benguela
75,CA,1970-01-01 00:00:01.562349965,89,-79.87,43.26,306.48,4.1,hamilton
0,KZ,1970-01-01 00:00:01.562350090,28,74.98,46.84,300.342,4.14,balkhash
10,ID,1970-01-01 00:00:01.562350090,94,115.38,-2.59,295.941,0.55,barabai
75,US,1970-01-01 00:00:01.562350091,66,-94.93,30.71,305.37,2.1,livingston
75,US,1970-01-01 00:00:01.562350091,77,-124.22,43.41,290.93,3.1,north bend
21,CN,1970-01-01 00:00:01.562350091,64,117.18,34.27,299.742,4.57,xuzhou
0,SA,1970-01-01 00:00:01.562349866,6,46.72,24.63,311.15,4.1,riyadh
90,AU,1970-01-01 00:00:01.562350092,87,152.14,-32.72,289.26,1.5,nelson bay
75,GL,1970-01-01 00:00:01.562350092,50,-51.74,64.17,286.15,2.6,nuuk
28,RU,1970-01-01 00:00:01.562350093,70,170.27,69.7,281.842,11.67,pevek
75,US,1970-01-01 00:00:01.562350093,69,-78.48,38.03,304.26,4.1,charlottesville
100,IN,1970-01-01 00:00:01.562349956,86,76.51,25.33,299.642,3.02,mangrol
0,AU,1970-01-01 00:00:01.562350094,76,128.74,-15.77,284.15,2.25,kununurra
75,CO,1970-01-01 00:00:01.562350094,49,-74.96,10.99,307.15,3.1,puerto colombia
40,DO,1970-01-01 00:00:01.562350094,52,-71.08,19.55,307.04,5.1,mao
100,CN,1970-01-01 00:00:01.562350094,92,123.15,44.81,290.542,4.54,kaitong
0,AF,1970-01-01 00:00:01.562350095,23,64.42,33.35,290.042,4.27,taywarah
90,CA,1970-01-01 00:00:01.562350095,87,-115.58,53.65,288.15,2.6,mackay
49,VE,1970-01-01 00:00:01.562350095,59,-64.25,8.89,303.642,5.85,el tigre
6,BR,1970-01-01 00:00:01.562350096,62,-39.92,-2.92,302.842,5.2,itarema
100,PG,1970-01-01 00:00:01.562350039,90,147.85,-6.6,290.342,2.02,finschhafen
100,CN,1970-01-01 00:00:01.562350096,93,116.13,25.94,297.142,0.97,helong
90,US,1970-01-01 00:00:01.562350096,82,-119.06,34.35,299.82,2.1,santa paula
32,RU,1970-01-01 00:00:01.562350097,65,42.76,59.98,286.242,3.96,totma
81,MY,1970-01-01 00:00:01.562350097,91,102.05,4.19,296.242,0.46,kuala lipis
42,YE,1970-01-01 00:00:01.562350098,48,44.32,15.17,298.742,1.78,sayyan
75,DE,1970-01-01 00:00:01.562350098,87,13.04,54.11,292.59,5.1,grimmen
75,CA,1970-01-01 00:00:01.562350098,70,-80.95,44.57,303.15,4.6,owen sound
0,CV,1970-01-01 00:00:01.562350099,84,-24.5,14.9,296.242,7.91,sao filipe
49,BR,1970-01-01 00:00:01.562350099,72,-67.0,-7.71,302.142,2.71,pauini
1,US,1970-01-01 00:00:01.562350099,49,-99.39,36.43,307.59,5.1,woodward
0,IR,1970-01-01 00:00:01.562350099,17,56.61,29.23,294.842,4.01,baft
0,BR,1970-01-01 00:00:01.562350100,52,-50.22,-30.17,283.441,10.21,cidreira
0,AR,1970-01-01 00:00:01.562350100,34,-55.82,-27.46,285.15,6.2,punta alta
0,ID,1970-01-01 00:00:01.562350100,69,124.89,-9.11,297.042,8.37,atambua
40,BR,1970-01-01 00:00:01.562350101,62,-35.21,-5.81,302.15,6.7,natal
0,IR,1970-01-01 00:00:01.562350101,13,61.21,28.22,294.542,4.71,khash
100,GH,1970-01-01 00:00:01.562350101,88,-2.24,4.87,297.842,5.49,axim
0,LY,1970-01-01 00:00:01.562350102,76,16.59,31.21,299.142,3.7,surt
100,RU,1970-01-01 00:00:01.562350102,95,36.03,55.5,285.142,4.07,mozhaysk
52,RU,1970-01-01 00:00:01.562350102,56,32.35,62.08,287.642,1.91,suoyarvi
0,MY,1970-01-01 00:00:01.562350102,92,112.94,2.02,294.941,0.11,kapit
20,US,1970-01-01 00:00:01.562350103,70,-86.85,34.99,307.04,4.1,ardmore
83,RU,1970-01-01 00:00:01.562349984,51,135.58,62.65,285.842,2.44,khandyga
20,UA,1970-01-01 00:00:01.562350103,82,22.3,48.62,293.15,3.0,uzhhorod
1,US,1970-01-01 00:00:01.562350104,49,-97.51,25.87,307.15,7.2,matamoros
23,AR,1970-01-01 00:00:01.562350104,63,-68.53,-31.54,276.941,2.61,san juan
29,JP,1970-01-01 00:00:01.562350104,97,140.51,42.97,286.742,1.69,iwanai
75,US,1970-01-01 00:00:01.562349836,73,-98.03,43.71,297.15,2.1,mitchell
75,AU,1970-01-01 00:00:01.562350105,93,152.85,-25.3,291.48,5.7,hervey bay
100,PH,1970-01-01 00:00:01.562350105,84,125.51,12.18,299.342,2.75,san policarpo
1,US,1970-01-01 00:00:01.562350106,100,-158.15,21.39,300.93,2.3,nanakuli
91,RU,1970-01-01 00:00:01.562350106,69,135.55,70.0,283.941,1.71,ust-kuyga
0,ZA,1970-01-01 00:00:01.562350106,43,29.26,-26.26,280.93,1.56,kriel
100,JP,1970-01-01 00:00:01.562350106,87,124.16,24.34,302.441,4.88,ishigaki
100,RU,1970-01-01 00:00:01.562350107,88,166.1,60.47,282.642,1.6,tilichiki
40,AU,1970-01-01 00:00:01.562350107,93,153.24,-28.95,290.15,1.85,codrington
51,PH,1970-01-01 00:00:01.562350108,93,120.52,17.54,296.742,1.48,san quintin
0,IR,1970-01-01 00:00:01.562350108,6,60.69,27.21,315.15,6.2,iranshahr
40,CA,1970-01-01 00:00:01.562350108,46,-117.13,58.52,294.15,2.1,high level
3,BO,1970-01-01 00:00:01.562350109,13,-66.82,-20.46,283.042,1.27,uyuni
100,NZ,1970-01-01 00:00:01.562350102,79,170.5,-45.87,282.59,9.83,dunedin
40,PE,1970-01-01 00:00:01.562350109,86,-78.15,-10.07,290.342,5.86,huarmey
75,CA,1970-01-01 00:00:01.562350002,52,-101.88,54.77,291.15,5.1,flin flon
40,CA,1970-01-01 00:00:01.562350110,63,-122.69,58.81,291.15,1.5,fort nelson
0,NA,1970-01-01 00:00:01.562350110,68,14.51,-22.95,295.15,2.6,walvis bay
90,CA,1970-01-01 00:00:01.562350110,93,-127.42,50.7,286.15,2.1,port hardy
1,US,1970-01-01 00:00:01.562349924,72,-151.26,60.55,294.82,2.6,kenai
25,KZ,1970-01-01 00:00:01.562350111,20,68.5,43.52,302.441,7.24,kentau
100,IN,1970-01-01 00:00:01.562350111,96,82.35,19.15,295.142,4.91,kotaparh
7,BR,1970-01-01 00:00:01.562350111,54,-52.89,-30.05,282.742,6.12,cachoeira do sul
100,IN,1970-01-01 00:00:01.562350112,84,77.57,8.08,300.441,7.58,kanniyakumari
90,AR,1970-01-01 00:00:01.562350112,76,-65.41,-24.79,284.15,3.1,salta
60,RU,1970-01-01 00:00:01.562350113,82,39.17,53.87,286.542,3.54,shirokiy
40,US,1970-01-01 00:00:01.562349951,54,-70.25,43.66,306.48,4.6,portland
10,PH,1970-01-01 00:00:01.562350113,87,120.51,16.98,296.542,1.3,suyo
90,RU,1970-01-01 00:00:01.562350114,93,41.92,64.29,287.15,2.0,lukovetskiy
88,RU,1970-01-01 00:00:01.562350114,92,81.5,58.71,289.042,4.66,parabel
41,KZ,1970-01-01 00:00:01.562350114,39,71.64,48.68,296.441,3.9,atasu
90,CA,1970-01-01 00:00:01.562350114,64,-66.12,43.84,297.15,3.6,yarmouth
1,US,1970-01-01 00:00:01.562350067,43,-84.07,34.05,307.15,0.69,suwanee
40,CA,1970-01-01 00:00:01.562350115,60,-85.84,49.12,297.15,2.6,manitouwadge
79,CA,1970-01-01 00:00:01.562350115,55,-70.67,46.12,304.26,2.68,saint-georges
0,PY,1970-01-01 00:00:01.562350115,48,-56.83,-26.98,285.142,3.88,san patricio
75,ES,1970-01-01 00:00:01.562350116,93,-5.66,43.54,294.82,4.1,gijon
65,ML,1970-01-01 00:00:01.562350116,11,1.01,20.2,314.342,4.31,tessalit
1,AR,1970-01-01 00:00:01.562350116,40,-64.26,-27.8,287.441,3.06,santiago del estero
40,US,1970-01-01 00:00:01.562350117,62,-93.75,40.74,303.15,2.1,leon
13,OM,1970-01-01 00:00:01.562350103,59,59.53,22.57,304.242,6.08,sur
75,ID,1970-01-01 00:00:01.562350117,100,119.37,-5.32,296.15,2.6,galesong
82,NC,1970-01-01 00:00:01.562350118,76,164.44,-20.34,295.441,2.92,ouegoa
80,NG,1970-01-01 00:00:01.562350118,37,4.71,12.75,307.342,0.78,sabla
40,CA,1970-01-01 00:00:01.562350113,77,-127.17,54.78,289.15,1.5,smithers
39,BS,1970-01-01 00:00:01.562350118,73,-77.06,26.54,302.441,7.34,marsh harbour
90,MX,1970-01-01 00:00:01.562350119,51,-105.21,20.71,303.71,2.1,ixtapa
0,BR,1970-01-01 00:00:01.562349826,32,-40.06,-19.38,305.742,4.56,linhares
0,AU,1970-01-01 00:00:01.562350102,60,133.88,-23.7,279.15,4.53,alice springs
75,LT,1970-01-01 00:00:01.562350120,51,23.9,54.9,288.15,7.7,kaunas
0,FR,1970-01-01 00:00:01.562350120,31,3.46,46.13,306.48,3.1,cusset
0,AR,1970-01-01 00:00:01.562350120,65,-68.18,-38.73,281.15,1.0,reserva
75,AU,1970-01-01 00:00:01.562350120,77,153.62,-28.65,292.04,7.2,byron bay
0,QA,1970-01-01 00:00:01.562349892,22,51.53,25.29,311.15,6.2,doha
46,RU,1970-01-01 00:00:01.562350121,81,71.48,60.06,286.842,3.03,salym
0,RU,1970-01-01 00:00:01.562350121,42,40.15,45.77,295.342,5.45,alekseyevskaya
20,PT,1970-01-01 00:00:01.562350122,64,-16.33,33.08,295.15,6.2,camacha
58,RU,1970-01-01 00:00:01.562350122,78,82.2,51.15,289.842,0.72,zmeinogorsk
47,US,1970-01-01 00:00:01.562349983,48,-71.21,42.34,306.48,5.1,newton
0,AR,1970-01-01 00:00:01.562350123,48,-62.99,-40.81,280.941,6.15,viedma
30,CN,1970-01-01 00:00:01.562350123,96,105.86,32.43,291.642,0.34,guangyuan
0,CD,1970-01-01 00:00:01.562350123,26,24.18,-7.57,295.642,1.54,kaniama
96,ID,1970-01-01 00:00:01.562350123,95,96.17,4.36,296.642,1.12,simpang
20,PA,1970-01-01 00:00:01.562350124,55,-82.28,8.46,304.15,3.6,rincon
76,RU,1970-01-01 00:00:01.562350124,67,63.78,67.55,292.941,7.31,komsomolskiy
1,MA,1970-01-01 00:00:01.562350125,83,-9.73,29.7,293.242,5.33,tiznit
0,RU,1970-01-01 00:00:01.562350125,63,40.17,58.19,289.15,2.0,danilov
90,RU,1970-01-01 00:00:01.562350125,87,33.23,69.19,281.15,4.0,snezhnogorsk
100,MX,1970-01-01 00:00:01.562350125,62,-100.35,18.62,303.441,1.11,coahuayana
22,SO,1970-01-01 00:00:01.562350126,84,45.34,2.04,297.842,5.98,mogadishu
31,DZ,1970-01-01 00:00:01.562350126,7,-0.29,27.87,319.15,6.2,adrar
59,CD,1970-01-01 00:00:01.562350126,93,23.61,1.23,295.742,1.13,basoko
75,CA,1970-01-01 00:00:01.562350038,45,-74.86,49.78,301.15,8.2,chapais
98,RU,1970-01-01 00:00:01.562350127,99,132.9,53.13,282.042,0.59,tokur
20,US,1970-01-01 00:00:01.562350127,88,-96.57,39.18,295.15,1.5,manhattan
75,PH,1970-01-01 00:00:01.562350128,74,120.95,13.93,301.15,3.1,san nicolas
75,BR,1970-01-01 00:00:01.562350128,87,-45.44,-23.68,289.15,2.1,porto novo
0,MZ,1970-01-01 00:00:01.562350128,60,32.57,-25.97,295.15,8.2,maputo
0,JM,1970-01-01 00:00:01.562350129,70,-77.59,17.89,302.441,8.76,bull savanna
75,CA,1970-01-01 00:00:01.562350129,54,-62.25,46.36,302.15,3.6,souris
0,IR,1970-01-01 00:00:01.562350129,24,58.79,36.21,297.941,4.71,neyshabur
67,LK,1970-01-01 00:00:01.562349943,82,79.98,6.48,301.642,6.42,beruwala
1,CA,1970-01-01 00:00:01.562350130,54,-61.36,45.62,303.71,4.1,port hawkesbury
28,RU,1970-01-01 00:00:01.562350130,67,62.86,61.2,287.642,2.62,pionerskiy
100,NG,1970-01-01 00:00:01.562350131,55,6.75,12.12,302.941,1.46,mani
59,BR,1970-01-01 00:00:01.562350131,76,-62.48,-10.43,301.441,1.72,jaru
80,PF,1970-01-01 00:00:01.562350131,69,-151.33,-22.43,294.441,12.53,moerai
75,SA,1970-01-01 00:00:01.562350131,53,42.45,18.39,299.15,1.5,faya
90,US,1970-01-01 00:00:01.562350049,93,-124.16,40.8,291.48,2.1,eureka
1,US,1970-01-01 00:00:01.562350132,14,-107.85,35.15,301.15,6.7,grants
91,BF,1970-01-01 00:00:01.562350132,81,-4.75,10.64,299.242,3.37,banfora
16,ID,1970-01-01 00:00:01.562350029,87,108.27,-2.88,298.742,1.91,manggar
92,RU,1970-01-01 00:00:01.562350133,95,126.27,58.97,284.142,2.09,tommot
0,CD,1970-01-01 00:00:01.562350133,30,19.59,-4.07,299.342,0.75,mangai
40,MK,1970-01-01 00:00:01.562350000,53,20.71,41.28,297.15,3.6,poum
75,CA,1970-01-01 00:00:01.562350134,45,-77.24,48.39,301.15,4.1,senneterre
100,CI,1970-01-01 00:00:01.562350134,82,-7.36,4.42,297.342,2.45,tabou
85,VN,1970-01-01 00:00:01.562350134,78,106.6,17.48,299.342,2.31,dong hoi
12,RU,1970-01-01 00:00:01.562350134,77,119.76,53.73,282.941,0.51,mogocha
75,US,1970-01-01 00:00:01.562350049,66,-89.29,39.55,305.37,3.1,taylorville
0,UZ,1970-01-01 00:00:01.562350135,23,68.03,40.53,301.842,3.48,dustlik
100,RU,1970-01-01 00:00:01.562350135,94,36.46,56.57,284.941,4.85,mirnyy
0,DK,1970-01-01 00:00:01.562350136,65,10.2,57.48,289.26,2.68,sindal
40,CO,1970-01-01 00:00:01.562350136,62,-75.19,3.8,302.15,3.1,coyaima
31,BR,1970-01-01 00:00:01.562350136,59,-37.61,-11.81,302.642,2.62,conde
71,IN,1970-01-01 00:00:01.562350137,90,88.54,27.5,290.342,0.46,mangan
81,RU,1970-01-01 00:00:01.562349932,86,37.62,54.19,285.642,4.0,tula
92,GB,1970-01-01 00:00:01.562350137,72,-2.0,57.52,291.48,4.1,mintlaw
80,CD,1970-01-01 00:00:01.562350137,93,20.89,3.34,295.941,0.83,businga
100,RU,1970-01-01 00:00:01.562350138,96,30.6,64.59,284.941,1.79,kostomuksha
99,RU,1970-01-01 00:00:01.562350138,76,143.24,64.57,280.242,0.22,ust-nera
23,BR,1970-01-01 00:00:01.562350138,70,-47.44,-1.77,303.142,1.15,irituia
31,ZA,1970-01-01 00:00:01.562350139,69,32.06,-28.77,293.042,11.44,richards bay
5,IN,1970-01-01 00:00:01.562350139,44,76.18,28.97,307.342,6.09,jatai
50,CN,1970-01-01 00:00:01.562350140,98,118.17,29.98,293.742,0.74,yangcun
12,RS,1970-01-01 00:00:01.562350140,53,21.67,44.48,298.71,1.31,kucevo
100,CN,1970-01-01 00:00:01.562350140,25,93.51,42.84,301.542,9.72,hami
100,ID,1970-01-01 00:00:01.562349847,75,95.32,5.56,301.842,4.02,banda aceh
75,UY,1970-01-01 00:00:01.562350141,61,-56.41,-34.76,282.15,7.7,delta del tigre
0,RU,1970-01-01 00:00:01.562350141,81,113.65,51.92,284.26,1.0,atamanovka
13,MX,1970-01-01 00:00:01.562350141,80,-90.4,20.87,301.042,5.38,celestun
97,CN,1970-01-01 00:00:01.562350142,80,101.72,26.59,293.941,0.42,panzhihua
26,RU,1970-01-01 00:00:01.562350142,57,64.05,61.47,289.642,3.62,zelenoborsk
100,PG,1970-01-01 00:00:01.562350142,94,149.55,-6.21,296.042,1.93,kandrian
94,SD,1970-01-01 00:00:01.562350143,28,24.66,14.2,303.242,7.27,kutum
100,PG,1970-01-01 00:00:01.562350143,94,152.27,-4.34,293.342,1.31,kokopo
45,RU,1970-01-01 00:00:01.562350143,93,55.46,57.28,283.342,1.54,osa
1,US,1970-01-01 00:00:01.562350144,100,-158.01,21.32,300.93,2.3,ewa beach
90,MX,1970-01-01 00:00:01.562350144,51,-105.33,20.76,303.71,2.1,bucerias
20,US,1970-01-01 00:00:01.562350144,69,-70.1,41.28,301.15,3.6,nantucket
100,NG,1970-01-01 00:00:01.562350145,95,4.47,8.32,294.941,1.96,seidu
90,RU,1970-01-01 00:00:01.562350145,72,31.6,53.01,290.15,7.0,krasnaya gora
81,AR,1970-01-01 00:00:01.562350146,70,-58.74,-38.55,280.37,5.81,necochea
90,NO,1970-01-01 00:00:01.562350146,93,27.85,71.03,281.15,7.7,mehamn
21,ID,1970-01-01 00:00:01.562350147,99,116.86,-1.24,294.941,1.25,balikpapan
75,NO,1970-01-01 00:00:01.562350147,93,30.21,69.41,281.15,5.1,nikel
0,CL,1970-01-01 00:00:01.562350147,9,-70.96,-30.69,298.742,2.41,monte patria
56,CF,1970-01-01 00:00:01.562350148,53,22.78,10.3,303.042,2.26,birao
75,NO,1970-01-01 00:00:01.562350148,76,12.69,67.67,284.15,4.1,sorland
100,RU,1970-01-01 00:00:01.562350148,97,33.34,53.73,284.742,4.23,seshcha
82,RU,1970-01-01 00:00:01.562350149,98,126.7,62.1,282.342,0.89,berdigestyakh
100,RU,1970-01-01 00:00:01.562350149,96,33.56,53.8,284.742,4.09,rognedino
75,US,1970-01-01 00:00:01.562350083,58,-97.14,32.84,305.93,7.7,bedford
100,GL,1970-01-01 00:00:01.562350150,88,-52.87,68.71,279.042,2.21,aasiaat
78,ML,1970-01-01 00:00:01.562350150,61,-6.89,11.09,302.542,0.96,kolondieba
75,EC,1970-01-01 00:00:01.562350150,55,-78.63,-0.82,292.15,8.2,santa ines
75,RU,1970-01-01 00:00:01.562350151,87,111.51,65.95,280.15,2.0,aykhal
0,GF,1970-01-01 00:00:01.562349856,74,-52.33,4.94,302.15,0.5,cayenne
29,RU,1970-01-01 00:00:01.562350151,86,52.54,54.09,284.242,4.01,severnoye
0,RU,1970-01-01 00:00:01.562350152,55,37.97,55.61,291.15,2.0,oktyabrskiy
0,AU,1970-01-01 00:00:01.562350152,59,138.5,-34.83,289.82,3.6,peterhead
46,BR,1970-01-01 00:00:01.562350152,42,-60.63,-9.17,306.342,0.61,aripuana
73,NG,1970-01-01 00:00:01.562350153,79,12.19,10.61,297.342,4.45,biu
0,KZ,1970-01-01 00:00:01.562350153,54,51.16,43.65,301.15,7.0,aktau
40,GB,1970-01-01 00:00:01.562350153,82,-1.5,55.12,293.15,6.2,blyth
0,KZ,1970-01-01 00:00:01.562350154,50,52.16,44.14,301.342,4.3,shetpe
0,ES,1970-01-01 00:00:01.562350154,19,-4.43,37.47,308.15,4.1,cabra
99,RU,1970-01-01 00:00:01.562350154,95,32.74,56.92,282.542,2.67,peno
0,NO,1970-01-01 00:00:01.562350155,39,8.93,58.62,292.15,7.2,tvedestrand
13,RU,1970-01-01 00:00:01.562350155,78,41.46,58.89,285.142,2.5,pechenga
75,NO,1970-01-01 00:00:01.562350155,58,19.23,69.24,287.15,3.6,storsteinnes
37,SO,1970-01-01 00:00:01.562350155,40,49.82,7.98,303.642,7.88,eyl
75,US,1970-01-01 00:00:01.562350156,87,-120.46,34.64,295.37,2.1,lompoc
0,FR,1970-01-01 00:00:01.562350156,27,0.53,46.8,306.15,5.7,chatellerault
90,CA,1970-01-01 00:00:01.562350156,87,-125.55,48.94,288.71,1.5,ucluelet
100,MM,1970-01-01 00:00:01.562350157,83,95.86,20.88,297.342,11.41,meiktila
4,CN,1970-01-01 00:00:01.562350157,88,115.03,31.18,294.542,2.62,macheng
100,LA,1970-01-01 00:00:01.562350157,95,102.42,18.5,294.742,0.68,phonhong
75,JP,1970-01-01 00:00:01.562350158,88,127.67,26.18,299.15,6.2,tomigusuku
40,MX,1970-01-01 00:00:01.562350158,43,-99.38,23.41,305.15,7.7,jaumave
77,RU,1970-01-01 00:00:01.562350159,71,134.54,60.42,284.242,2.21,ust-maya
0,FR,1970-01-01 00:00:01.562350159,51,6.08,44.56,302.59,1.17,gap
18,CA,1970-01-01 00:00:01.562350159,44,-96.99,50.56,296.48,3.58,husavik
78,RU,1970-01-01 00:00:01.562350159,80,60.13,66.04,291.142,3.08,inta
24,CO,1970-01-01 00:00:01.562350160,48,-74.53,5.53,302.042,2.11,caceres
73,RU,1970-01-01 00:00:01.562350160,91,52.14,57.31,282.542,3.11,selty
100,PG,1970-01-01 00:00:01.562350160,85,143.63,-3.55,296.941,1.72,wewak
0,IT,1970-01-01 00:00:01.562350161,48,13.28,43.21,305.93,3.1,tolentino
1,ID,1970-01-01 00:00:01.562350161,78,119.78,-3.94,298.642,7.1,tanete
20,US,1970-01-01 00:00:01.562350162,55,-82.56,36.55,305.93,1.96,kingsport
1,US,1970-01-01 00:00:01.562349891,72,-131.65,55.34,296.15,7.7,ketchikan
0,AR,1970-01-01 00:00:01.562350162,44,-65.11,-43.3,280.042,6.89,rawson
0,BR,1970-01-01 00:00:01.562350122,22,-42.07,-16.85,305.642,4.51,aracuai
90,RU,1970-01-01 00:00:01.562350163,93,40.96,64.44,287.15,2.0,chernyy yar
98,RU,1970-01-01 00:00:01.562350163,95,52.25,59.74,284.742,4.28,sozimskiy
20,CA,1970-01-01 00:00:01.562350163,49,-80.2,44.08,306.48,3.6,shelburne
0,IL,1970-01-01 00:00:01.562350164,65,34.94,31.8,300.93,3.1,gizo
3,ID,1970-01-01 00:00:01.562350028,90,120.26,-9.65,292.342,5.04,waingapu
75,US,1970-01-01 00:00:01.562349898,55,-75.98,36.85,306.48,1.5,virginia beach
0,EG,1970-01-01 00:00:01.562350164,29,31.15,27.27,305.15,5.7,abnub
79,BR,1970-01-01 00:00:01.562350165,54,-61.66,-3.74,305.941,1.37,anori
20,FI,1970-01-01 00:00:01.562350165,71,24.44,60.12,286.48,5.1,kirkkonummi
55,PH,1970-01-01 00:00:01.562350165,93,121.44,17.41,290.342,0.67,tabuk
100,PG,1970-01-01 00:00:01.562350166,99,143.99,-6.28,290.842,0.65,ialibu
100,JP,1970-01-01 00:00:01.562350166,69,140.86,37.52,292.59,0.82,namie
86,RU,1970-01-01 00:00:01.562350166,96,135.31,54.72,282.142,1.49,chumikan
1,US,1970-01-01 00:00:01.562349977,57,-93.45,45.26,301.48,3.1,ramsey
18,CN,1970-01-01 00:00:01.562350018,25,97.04,40.29,297.542,8.68,yumen
75,JP,1970-01-01 00:00:01.562350167,88,136.69,35.03,294.15,1.5,fukue
20,RO,1970-01-01 00:00:01.562350167,60,26.83,47.62,295.37,4.6,copalau
100,CN,1970-01-01 00:00:01.562350168,81,114.88,40.77,284.342,11.04,zhangjiakou
100,GL,1970-01-01 00:00:01.562350051,80,-52.9,65.42,279.742,3.62,maniitsoq
9,ET,1970-01-01 00:00:01.562350168,93,40.71,7.14,287.742,3.0,ginir
40,WS,1970-01-01 00:00:01.562350168,94,-171.6,-13.87,297.15,2.1,lufilufi
0,OM,1970-01-01 00:00:01.562349870,75,58.55,23.6,307.15,1.5,ruwi
76,RU,1970-01-01 00:00:01.562350169,71,67.8,66.56,290.542,7.77,aksarka
77,NG,1970-01-01 00:00:01.562350169,81,9.75,10.31,297.842,4.12,miri
41,RU,1970-01-01 00:00:01.562350170,70,34.83,62.85,288.342,1.52,povenets
49,RU,1970-01-01 00:00:01.562350170,43,46.54,44.39,301.642,4.67,kochubey
18,UA,1970-01-01 00:00:01.562350170,77,34.24,44.52,289.242,0.43,nikita
0,AR,1970-01-01 00:00:01.562350171,41,-64.29,-36.62,281.742,2.19,santa rosa
100,RU,1970-01-01 00:00:01.562350171,97,96.11,52.47,285.542,0.55,toora-khem
34,IN,1970-01-01 00:00:01.562350161,67,87.83,25.05,303.242,4.58,rajmahal
56,UG,1970-01-01 00:00:01.562350172,72,31.4,0.56,292.642,1.08,mubende
100,CD,1970-01-01 00:00:01.562350172,82,22.47,2.18,297.142,0.4,bumba
90,CA,1970-01-01 00:00:01.562350172,77,-124.81,49.24,290.37,2.6,port alberni
75,US,1970-01-01 00:00:01.562350173,60,-147.72,64.84,294.26,2.1,fairbanks
0,KZ,1970-01-01 00:00:01.562350173,18,66.74,44.18,304.242,5.27,shieli
100,IN,1970-01-01 00:00:01.562350173,81,92.75,11.67,301.941,8.99,port blair
100,IN,1970-01-01 00:00:01.562350174,90,84.04,22.12,299.342,5.02,sundargarh
20,TC,1970-01-01 00:00:01.562350174,59,-71.14,21.46,306.15,7.7,cockburn town
20,PL,1970-01-01 00:00:01.562350174,59,19.29,51.96,292.04,8.2,ozorkow
77,MG,1970-01-01 00:00:01.562350175,98,48.23,-18.95,287.242,0.45,moramanga
75,BR,1970-01-01 00:00:01.562350175,50,-49.33,-5.13,308.15,2.6,itupiranga
40,MX,1970-01-01 00:00:01.562350175,48,-101.55,27.06,302.15,2.6,san buenaventura
25,CA,1970-01-01 00:00:01.562350176,50,-113.29,54.72,289.542,2.46,athabasca
90,JP,1970-01-01 00:00:01.562350176,88,139.53,35.74,293.71,3.1,nishihara
90,AU,1970-01-01 00:00:01.562350177,68,139.49,-20.73,291.15,4.6,mount isa
0,EG,1970-01-01 00:00:01.562350177,21,30.79,28.42,303.642,4.82,matay
20,IT,1970-01-01 00:00:01.562350177,54,12.9,43.34,305.93,2.1,fabriano
1,US,1970-01-01 00:00:01.562350177,100,-158.09,21.35,300.93,2.3,makakilo city
55,NE,1970-01-01 00:00:01.562350178,18,7.39,18.74,312.342,4.23,arlit
75,JP,1970-01-01 00:00:01.562350178,94,139.8,36.31,293.71,1.5,oyama
1,US,1970-01-01 00:00:01.562350178,11,-107.25,33.13,307.59,2.6,truth or consequences
100,NZ,1970-01-01 00:00:01.562350179,91,176.84,-39.64,279.342,4.78,hastings
30,KZ,1970-01-01 00:00:01.562350179,42,75.32,51.72,295.242,2.79,ekibastuz
0,RU,1970-01-01 00:00:01.562349548,55,37.62,55.75,291.15,5.0,moscow
0,AU,1970-01-01 00:00:01.562350180,95,147.99,-37.88,274.82,2.07,lakes entrance
94,RU,1970-01-01 00:00:01.562350180,92,57.08,60.4,284.242,2.86,krasnovishersk
90,TH,1970-01-01 00:00:01.562350180,90,100.39,14.76,297.59,3.89,tha chang
0,AR,1970-01-01 00:00:01.562350181,45,-60.44,-26.79,288.042,2.69,presidencia roque saenz pena
64,CN,1970-01-01 00:00:01.562350181,86,122.3,29.96,296.042,3.52,shenjiamen
39,BR,1970-01-01 00:00:01.562350182,41,-70.77,-8.16,307.742,0.74,tarauaca
30,CN,1970-01-01 00:00:01.562350182,81,117.43,49.6,283.342,2.37,manzhouli
75,US,1970-01-01 00:00:01.562350182,87,-120.85,35.37,297.59,2.1,morro bay
0,MA,1970-01-01 00:00:01.562350183,69,-7.62,33.6,298.15,5.7,casablanca
75,SN,1970-01-01 00:00:01.562350184,69,-16.5,16.03,301.15,4.1,saint-louis
20,GR,1970-01-01 00:00:01.562350184,42,20.58,39.9,305.15,3.39,doliana
100,UA,1970-01-01 00:00:01.562350184,84,25.12,50.36,286.842,2.95,berestechko
20,GB,1970-01-01 00:00:01.562350185,49,-5.22,50.05,295.15,5.7,cross lanes
38,KE,1970-01-01 00:00:01.562350185,49,40.07,1.75,301.642,7.03,wajir
75,ES,1970-01-01 00:00:01.562350175,73,-17.76,28.68,297.15,3.1,santa cruz de la palma
75,CA,1970-01-01 00:00:01.562350185,55,-117.29,56.23,291.15,4.6,peace river
40,US,1970-01-01 00:00:01.562349940,49,-86.59,34.73,307.04,3.1,huntsville
28,GA,1970-01-01 00:00:01.562349945,85,10.65,-3.44,295.842,2.7,mayumba
20,BR,1970-01-01 00:00:01.562350186,69,-35.06,-8.4,301.15,3.6,ipojuca
40,BR,1970-01-01 00:00:01.562350187,62,-35.21,-6.09,302.15,6.7,nisia floresta
100,SB,1970-01-01 00:00:01.562350187,83,159.59,-8.15,299.342,4.73,buala
47,RU,1970-01-01 00:00:01.562350187,76,40.29,53.24,286.842,3.52,pervomayskiy
4,CN,1970-01-01 00:00:01.562350188,53,111.92,37.02,290.542,5.59,jiexiu
20,CY,1970-01-01 00:00:01.562350188,88,32.42,34.81,299.15,5.1,emba
0,GB,1970-01-01 00:00:01.562350188,41,-0.18,52.33,299.15,4.6,huntingdon
90,BR,1970-01-01 00:00:01.562350188,88,-60.15,-12.74,295.15,3.6,vilhena
61,TD,1970-01-01 00:00:01.562350189,58,18.21,11.98,302.941,1.81,bitkine
62,PH,1970-01-01 00:00:01.562350189,94,121.11,13.8,295.842,0.67,sabang
40,TO,1970-01-01 00:00:01.562349935,83,-173.98,-18.65,297.15,2.6,neiafu
1,RU,1970-01-01 00:00:01.562350190,92,86.23,57.07,287.941,4.05,pervomayskoye
35,ID,1970-01-01 00:00:01.562350190,94,111.9,-8.09,293.542,2.32,boyolangu
83,CN,1970-01-01 00:00:01.562350191,92,111.45,27.66,294.742,1.37,lengshuijiang
75,PH,1970-01-01 00:00:01.562350191,74,121.13,14.29,301.15,3.1,bigaa
95,MD,1970-01-01 00:00:01.562350171,75,28.7,48.03,291.48,1.79,kamenka
75,PE,1970-01-01 00:00:01.562350192,33,-80.68,-3.68,305.15,2.6,zorritos
1,US,1970-01-01 00:00:01.562350192,100,-158.02,21.5,300.93,2.3,wahiawa
37,CN,1970-01-01 00:00:01.562350193,97,109.56,28.08,293.941,1.74,muli
88,CN,1970-01-01 00:00:01.562350193,92,119.59,39.94,293.941,3.39,qinhuangdao
72,AU,1970-01-01 00:00:01.562349976,94,146.27,-20.07,287.441,4.58,charters towers
0,LY,1970-01-01 00:00:01.562350193,16,16.14,29.16,305.342,4.41,waddan
40,MU,1970-01-01 00:00:01.562350194,73,57.61,-19.98,295.15,3.1,cap malheureux
74,CL,1970-01-01 00:00:01.562350194,78,-70.2,-22.09,287.142,0.21,tocopilla
99,NG,1970-01-01 00:00:01.562350194,89,8.57,7.38,298.242,2.09,yaan
1,US,1970-01-01 00:00:01.562350195,31,-104.41,29.56,306.48,3.6,ojinaga
100,NZ,1970-01-01 00:00:01.562350195,79,170.57,-45.75,282.59,9.83,waitati
69,RU,1970-01-01 00:00:01.562350195,62,103.03,54.17,286.342,0.39,ust-uda
